# Inwentarz HAL hosta Lenovo TB350FU (vendor A14, MT6789) - EKSTRAKCJA z bugreport_v14
# zrodlo: bugreport-TB350FU_EEA-...-2026-09-28-15-20-24.txt (Drive id 1BAF4jsuQmhB9SA06_XdUpRiwT3ZE5yY-,
# sha256 c664f57ed9db1d14b8f5ffebb9b68ae601928d3d2c89b168b0dbbec7e8079f11)
# sekcje: 'HARDWARE HALS (lshal --all --types=all)' [HIDL] + service list / servicemanager [AIDL]
# format: format<TAB>name<TAB>versions(;)<TAB>interface<TAB>instances(;)<TAB>source
# AIDL bez wersji = dowolna (macierz VINTF: aidl bez <version> pasuje do kazdej)
hidl	android.hardware.audio	7.0	IDevicesFactory	default	lshal (HARDWARE HALS)
hidl	android.hardware.audio.effect	7.0	IEffectsFactory	default	lshal (HARDWARE HALS)
hidl	android.hardware.bluetooth	1.0;1.1	IBluetoothHci	default	lshal (HARDWARE HALS)
hidl	android.hardware.bluetooth.audio	2.0;2.1	IBluetoothAudioProvidersFactory	default	lshal (HARDWARE HALS)
hidl	android.hardware.boot	1.0;1.1;1.2	IBootControl	default	lshal (HARDWARE HALS)
hidl	android.hardware.camera.provider	2.4;2.5;2.6	ICameraProvider	internal/0	lshal (HARDWARE HALS)
hidl	android.hardware.cas	1.2	IMediaCasService	default	lshal (HARDWARE HALS)
hidl	android.hardware.drm	1.0;1.1;1.2;1.3;1.4	ICryptoFactory	clearkey;widevine	lshal (HARDWARE HALS)
hidl	android.hardware.drm	1.0;1.1;1.2;1.3;1.4	IDrmFactory	clearkey;widevine	lshal (HARDWARE HALS)
hidl	android.hardware.gatekeeper	1.0	IGatekeeper	default	lshal (HARDWARE HALS)
hidl	android.hardware.graphics.allocator	4.0	IAllocator	default	lshal (HARDWARE HALS)
hidl	android.hardware.graphics.composer	2.1;2.2;2.3	IComposer	default	lshal (HARDWARE HALS)
hidl	android.hardware.health	2.0;2.1	IHealth	default	lshal (HARDWARE HALS)
hidl	android.hardware.media.c2	1.0;1.1;1.2	IComponentStore	default;default1;software	lshal (HARDWARE HALS)
hidl	android.hardware.media.omx	1.0	IOmx	default	lshal (HARDWARE HALS)
hidl	android.hardware.media.omx	1.0	IOmxStore	default	lshal (HARDWARE HALS)
hidl	android.hardware.sensors	2.0	ISensors	default	lshal (HARDWARE HALS)
hidl	android.hardware.soundtrigger	2.0;2.1;2.2;2.3	ISoundTriggerHw	default	lshal (HARDWARE HALS)
hidl	android.hardware.tetheroffload.config	1.0	IOffloadConfig	default	lshal (HARDWARE HALS)
hidl	android.hardware.tetheroffload.control	1.1	IOffloadControl	default	lshal (HARDWARE HALS)
hidl	android.hardware.thermal	1.0;2.0	IThermal	default	lshal (HARDWARE HALS)
hidl	android.hardware.usb	1.0;1.1;1.2;1.3	IUsb	default	lshal (HARDWARE HALS)
hidl	android.hardware.usb.gadget	1.0;1.1	IUsbGadget	default	lshal (HARDWARE HALS)
hidl	android.hardware.wifi	1.0;1.1;1.2;1.3;1.4;1.5	IWifi	default	lshal (HARDWARE HALS)
hidl	android.hardware.wifi.hostapd	1.3	IHostapd	default	lshal (HARDWARE HALS)
hidl	android.hardware.wifi.supplicant	1.0;1.1;1.2;1.3;1.4	ISupplicant	default	lshal (HARDWARE HALS)
hidl	motorola.hardware.input	1.0;1.1	IMotInput	default	lshal (HARDWARE HALS)
hidl	vendor.dolby.hardware.dms	2.0	IDms	default	lshal (HARDWARE HALS)
hidl	vendor.lenovo.hardware.battery	1.0	IBattery	default	lshal (HARDWARE HALS)
hidl	vendor.lenovo.hardware.factory	1.0	IFactory	default	lshal (HARDWARE HALS)
hidl	vendor.lenovo.hardware.misc	1.0	IMisc	default	lshal (HARDWARE HALS)
hidl	vendor.lenovo.hardware.performance	1.0	IPerformance	default	lshal (HARDWARE HALS)
hidl	vendor.lenovo.hardware.touchscreen	1.0	ITouchscreen	default	lshal (HARDWARE HALS)
hidl	vendor.mediatek.hardware.apmonitor	2.0	IApmService	apm_hidl_service	lshal (HARDWARE HALS)
hidl	vendor.mediatek.hardware.apuware.apusys	2.0;2.1	INeuronApusys	default	lshal (HARDWARE HALS)
hidl	vendor.mediatek.hardware.apuware.hmp	1.0	IApuwareHmp	default	lshal (HARDWARE HALS)
hidl	vendor.mediatek.hardware.apuware.utils	2.0	IApuwareUtils	default	lshal (HARDWARE HALS)
hidl	vendor.mediatek.hardware.atci	1.0	IAtcid	default	lshal (HARDWARE HALS)
hidl	vendor.mediatek.hardware.bluetooth.audio	2.1;2.2	IBluetoothAudioProvidersFactory	default	lshal (HARDWARE HALS)
hidl	vendor.mediatek.hardware.camera.atms	1.0	IATMs	default	lshal (HARDWARE HALS)
hidl	vendor.mediatek.hardware.camera.bgservice	1.0;1.1	IBGService	internal/0	lshal (HARDWARE HALS)
hidl	vendor.mediatek.hardware.camera.isphal	1.0;1.1	IISPModule	internal/0	lshal (HARDWARE HALS)
hidl	vendor.mediatek.hardware.composer_ext	1.0	IComposerExt	default	lshal (HARDWARE HALS)
hidl	vendor.mediatek.hardware.dmc	1.2	IDmcService	dmc_hidl_service	lshal (HARDWARE HALS)
hidl	vendor.mediatek.hardware.engineermode	1.3	IEmd	EmHidlServer	lshal (HARDWARE HALS)
hidl	vendor.mediatek.hardware.keymaster_attestation	1.1	IKeymasterDevice	default	lshal (HARDWARE HALS)
hidl	vendor.mediatek.hardware.mmagent	1.1	IMMAgent	default	lshal (HARDWARE HALS)
hidl	vendor.mediatek.hardware.mms	1.6	IMms	default	lshal (HARDWARE HALS)
hidl	vendor.mediatek.hardware.mtkpower	1.0;1.1;1.2	IMtkPerf	default	lshal (HARDWARE HALS)
hidl	vendor.mediatek.hardware.mtkpower	1.0;1.1;1.2	IMtkPower	default	lshal (HARDWARE HALS)
hidl	vendor.mediatek.hardware.netdagent	1.0	INetdagent	default	lshal (HARDWARE HALS)
hidl	vendor.mediatek.hardware.nvram	1.0;1.1	INvram	default	lshal (HARDWARE HALS)
hidl	vendor.mediatek.hardware.pq	2.0;2.1;2.2;2.3;2.4;2.5;2.6;2.7;2.8;2.9;2.10;2.11;2.12;2.13;2.14;2.15	IPictureQuality	default	lshal (HARDWARE HALS)
hidl	vendor.mediatek.hardware.tinno_keyboard	1.0	ITinnoKeyBoard	default	lshal (HARDWARE HALS)
hidl	vendor.microtrust.hardware.afw	2.0	IAFWDevice	default	lshal (HARDWARE HALS)
hidl	vendor.microtrust.hardware.thh	2.0	IThhDevice	default	lshal (HARDWARE HALS)
aidl	android.hardware.dumpstate		IDumpstateDevice	default	service list (servicemanager)
aidl	android.hardware.graphics.allocator		IAllocator	default	service list (servicemanager)
aidl	android.hardware.light		ILights	default	service list (servicemanager)
aidl	android.hardware.memtrack		IMemtrack	default	service list (servicemanager)
aidl	android.hardware.neuralnetworks		IDevice	mtk	service list (servicemanager)
aidl	android.hardware.power		IPower	default	service list (servicemanager)
aidl	android.hardware.security.keymint		IKeyMintDevice	default	service list (servicemanager)
aidl	android.hardware.security.keymint		IRemotelyProvisionedComponent	default	service list (servicemanager)
aidl	android.hardware.security.secureclock		ISecureClock	default	service list (servicemanager)
aidl	android.hardware.security.sharedsecret		ISharedSecret	default	service list (servicemanager)
aidl	android.hardware.vibrator		IVibrator	default	service list (servicemanager)
aidl	android.hardware.vibrator		IVibratorManager	default	service list (servicemanager)
aidl	vendor.lenovo.hardware.battery		IBattery	default	service list (servicemanager)
aidl	vendor.mediatek.hardware.audio		IMtkAudio	default	service list (servicemanager)
aidl	vendor.mediatek.hardware.lbs		ILbs	mtk_agps2framework;mtk_lppe_socket_agps;mtk_lppe_socket_bt;mtk_lppe_socket_ipaddr;mtk_lppe_socket_lbs;mtk_lppe_socket_network;mtk_lppe_socket_sensor;mtk_lppe_socket_wlan	service list (servicemanager)
aidl	vendor.mediatek.hardware.mtkpower		IMtkPowerService	default	service list (servicemanager)
aidl	vendor.mediatek.hardware.mtkradioex.ims		IMtkRadioExIms	slot1	service list (servicemanager)
aidl	vendor.mediatek.hardware.mtkradioex.modem		IMtkRadioExModem	slot1	service list (servicemanager)
aidl	vendor.mediatek.hardware.mtkradioex.network		IMtkRadioExNetwork	slot1	service list (servicemanager)
aidl	vendor.mediatek.hardware.nps.nos.fastswitch		INativeFastSwitch	default	service list (servicemanager)
